timeStamp,elapsed,label,responseCode,responseMessage,threadName,dataType,success,failureMessage,bytes,sentBytes,grpThreads,allThreads,URL,Latency,IdleTime,Connect
1711264870791,375,conf 3 req,200,OK,conf #3 3-1,text,true,,231,158,1,3,http://localhost:8083/?token=490588717&user=2109686224&config=3,375,0,1
1711264870787,556,conf 2 req,200,OK,conf #2 2-1,text,true,,231,158,2,6,http://localhost:8083/?token=490588717&user=2109686224&config=2,556,0,1
1711264871192,377,conf 3 req,200,OK,conf #3 3-2,text,true,,231,158,2,6,http://localhost:8083/?token=490588717&user=2109686224&config=3,377,0,1
1711264870783,961,conf 1 req,200,OK,conf #1 1-1,text,false,"The operation lasted too long: It took 961 milliseconds, but should not have lasted longer than 800 milliseconds.",231,158,3,9,http://localhost:8083/?token=490588717&user=2109686224&config=1,961,0,1
1711264871190,624,conf 2 req,200,OK,conf #2 2-2,text,true,,231,158,3,9,http://localhost:8083/?token=490588717&user=2109686224&config=2,624,0,0
1711264871597,377,conf 3 req,200,OK,conf #3 3-3,text,true,,231,158,3,9,http://localhost:8083/?token=490588717&user=2109686224&config=3,377,0,1
1711264871186,956,conf 1 req,200,OK,conf #1 1-2,text,false,"The operation lasted too long: It took 956 milliseconds, but should not have lasted longer than 800 milliseconds.",231,158,4,12,http://localhost:8083/?token=490588717&user=2109686224&config=1,956,0,0
1711264871587,626,conf 2 req,200,OK,conf #2 2-3,text,true,,231,158,4,12,http://localhost:8083/?token=490588717&user=2109686224&config=2,626,0,1
1711264871992,374,conf 3 req,200,OK,conf #3 3-4,text,true,,231,158,4,12,http://localhost:8083/?token=490588717&user=2109686224&config=3,374,0,1
1711264871987,557,conf 2 req,200,OK,conf #2 2-4,text,true,,231,158,5,15,http://localhost:8083/?token=490588717&user=2109686224&config=2,557,0,1
1711264871585,1026,conf 1 req,200,OK,conf #1 1-3,text,false,"The operation lasted too long: It took 1,026 milliseconds, but should not have lasted longer than 800 milliseconds.",231,158,5,15,http://localhost:8083/?token=490588717&user=2109686224&config=1,1026,0,0
1711264872393,382,conf 3 req,200,OK,conf #3 3-5,text,true,,231,158,5,15,http://localhost:8083/?token=490588717&user=2109686224&config=3,382,0,1
1711264871983,957,conf 1 req,200,OK,conf #1 1-4,text,false,"The operation lasted too long: It took 957 milliseconds, but should not have lasted longer than 800 milliseconds.",231,158,5,15,http://localhost:8083/?token=490588717&user=2109686224&config=1,957,0,0
1711264872387,588,conf 2 req,200,OK,conf #2 2-5,text,true,,231,158,5,15,http://localhost:8083/?token=490588717&user=2109686224&config=2,588,0,1
1711264872384,967,conf 1 req,200,OK,conf #1 1-5,text,false,"The operation lasted too long: It took 967 milliseconds, but should not have lasted longer than 800 milliseconds.",231,158,5,15,http://localhost:8083/?token=490588717&user=2109686224&config=1,967,0,1
1711264873791,337,conf 3 req,200,OK,conf #3 3-1,text,true,,231,158,5,15,http://localhost:8083/?token=490588717&user=2109686224&config=3,337,0,0
1711264873787,535,conf 2 req,200,OK,conf #2 2-1,text,true,,231,158,5,15,http://localhost:8083/?token=490588717&user=2109686224&config=2,535,0,0
1711264874192,341,conf 3 req,200,OK,conf #3 3-2,text,true,,231,158,5,15,http://localhost:8083/?token=490588717&user=2109686224&config=3,341,0,0
1711264873783,936,conf 1 req,200,OK,conf #1 1-1,text,false,"The operation lasted too long: It took 936 milliseconds, but should not have lasted longer than 800 milliseconds.",231,158,5,15,http://localhost:8083/?token=490588717&user=2109686224&config=1,936,0,0
1711264874189,602,conf 2 req,200,OK,conf #2 2-2,text,true,,231,158,5,15,http://localhost:8083/?token=490588717&user=2109686224&config=2,602,0,0
1711264874597,342,conf 3 req,200,OK,conf #3 3-3,text,true,,231,158,5,15,http://localhost:8083/?token=490588717&user=2109686224&config=3,342,0,0
1711264874185,936,conf 1 req,200,OK,conf #1 1-2,text,false,"The operation lasted too long: It took 936 milliseconds, but should not have lasted longer than 800 milliseconds.",231,158,5,15,http://localhost:8083/?token=490588717&user=2109686224&config=1,936,0,0
1711264874587,554,conf 2 req,200,OK,conf #2 2-3,text,true,,231,158,5,15,http://localhost:8083/?token=490588717&user=2109686224&config=2,554,0,0
1711264874992,343,conf 3 req,200,OK,conf #3 3-4,text,true,,231,158,5,15,http://localhost:8083/?token=490588717&user=2109686224&config=3,343,0,0
1711264874584,939,conf 1 req,200,OK,conf #1 1-3,text,false,"The operation lasted too long: It took 939 milliseconds, but should not have lasted longer than 800 milliseconds.",231,158,5,15,http://localhost:8083/?token=490588717&user=2109686224&config=1,939,0,0
1711264874987,570,conf 2 req,200,OK,conf #2 2-4,text,true,,231,158,5,15,http://localhost:8083/?token=490588717&user=2109686224&config=2,570,0,0
1711264875392,351,conf 3 req,200,OK,conf #3 3-5,text,true,,231,158,5,15,http://localhost:8083/?token=490588717&user=2109686224&config=3,350,0,0
1711264874982,942,conf 1 req,200,OK,conf #1 1-4,text,false,"The operation lasted too long: It took 942 milliseconds, but should not have lasted longer than 800 milliseconds.",231,158,5,15,http://localhost:8083/?token=490588717&user=2109686224&config=1,942,0,0
1711264875386,559,conf 2 req,200,OK,conf #2 2-5,text,true,,231,158,5,15,http://localhost:8083/?token=490588717&user=2109686224&config=2,559,0,0
1711264875384,945,conf 1 req,200,OK,conf #1 1-5,text,false,"The operation lasted too long: It took 945 milliseconds, but should not have lasted longer than 800 milliseconds.",231,158,5,15,http://localhost:8083/?token=490588717&user=2109686224&config=1,945,0,0
1711264876791,348,conf 3 req,200,OK,conf #3 3-1,text,true,,231,158,5,15,http://localhost:8083/?token=490588717&user=2109686224&config=3,348,0,0
1711264876787,548,conf 2 req,200,OK,conf #2 2-1,text,true,,231,158,5,15,http://localhost:8083/?token=490588717&user=2109686224&config=2,548,0,0
1711264877191,354,conf 3 req,200,OK,conf #3 3-2,text,true,,231,158,5,15,http://localhost:8083/?token=490588717&user=2109686224&config=3,354,0,0
1711264876783,947,conf 1 req,200,OK,conf #1 1-1,text,false,"The operation lasted too long: It took 947 milliseconds, but should not have lasted longer than 800 milliseconds.",231,158,5,15,http://localhost:8083/?token=490588717&user=2109686224&config=1,947,0,0
1711264877188,565,conf 2 req,200,OK,conf #2 2-2,text,true,,231,158,5,15,http://localhost:8083/?token=490588717&user=2109686224&config=2,565,0,0
1711264877597,351,conf 3 req,200,OK,conf #3 3-3,text,true,,231,158,5,15,http://localhost:8083/?token=490588717&user=2109686224&config=3,351,0,0
1711264877587,550,conf 2 req,200,OK,conf #2 2-3,text,true,,231,158,5,15,http://localhost:8083/?token=490588717&user=2109686224&config=2,550,0,0
1711264877185,1017,conf 1 req,200,OK,conf #1 1-2,text,false,"The operation lasted too long: It took 1,017 milliseconds, but should not have lasted longer than 800 milliseconds.",231,158,5,15,http://localhost:8083/?token=490588717&user=2109686224&config=1,1017,0,0
1711264877992,357,conf 3 req,200,OK,conf #3 3-4,text,true,,231,158,5,15,http://localhost:8083/?token=490588717&user=2109686224&config=3,357,0,0
1711264877584,951,conf 1 req,200,OK,conf #1 1-3,text,false,"The operation lasted too long: It took 951 milliseconds, but should not have lasted longer than 800 milliseconds.",231,158,5,15,http://localhost:8083/?token=490588717&user=2109686224&config=1,951,0,0
1711264877987,612,conf 2 req,200,OK,conf #2 2-4,text,true,,231,158,5,15,http://localhost:8083/?token=490588717&user=2109686224&config=2,612,0,0
1711264878392,360,conf 3 req,200,OK,conf #3 3-5,text,true,,231,158,5,15,http://localhost:8083/?token=490588717&user=2109686224&config=3,360,0,0
1711264877983,953,conf 1 req,200,OK,conf #1 1-4,text,false,"The operation lasted too long: It took 953 milliseconds, but should not have lasted longer than 800 milliseconds.",231,158,5,15,http://localhost:8083/?token=490588717&user=2109686224&config=1,953,0,0
1711264878387,571,conf 2 req,200,OK,conf #2 2-5,text,true,,231,158,5,15,http://localhost:8083/?token=490588717&user=2109686224&config=2,571,0,0
1711264878384,957,conf 1 req,200,OK,conf #1 1-5,text,false,"The operation lasted too long: It took 957 milliseconds, but should not have lasted longer than 800 milliseconds.",231,158,5,15,http://localhost:8083/?token=490588717&user=2109686224&config=1,957,0,0
1711264879791,361,conf 3 req,200,OK,conf #3 3-1,text,true,,231,158,5,15,http://localhost:8083/?token=490588717&user=2109686224&config=3,361,0,0
1711264879787,559,conf 2 req,200,OK,conf #2 2-1,text,true,,231,158,5,15,http://localhost:8083/?token=490588717&user=2109686224&config=2,559,0,0
1711264880191,364,conf 3 req,200,OK,conf #3 3-2,text,true,,231,158,5,15,http://localhost:8083/?token=490588717&user=2109686224&config=3,364,0,0
1711264879783,958,conf 1 req,200,OK,conf #1 1-1,text,false,"The operation lasted too long: It took 958 milliseconds, but should not have lasted longer than 800 milliseconds.",231,158,5,15,http://localhost:8083/?token=490588717&user=2109686224&config=1,958,0,0
1711264880189,620,conf 2 req,200,OK,conf #2 2-2,text,true,,231,158,5,15,http://localhost:8083/?token=490588717&user=2109686224&config=2,620,0,0
1711264880597,366,conf 3 req,200,OK,conf #3 3-3,text,true,,231,158,5,15,http://localhost:8083/?token=490588717&user=2109686224&config=3,366,0,0
1711264880185,962,conf 1 req,200,OK,conf #1 1-2,text,false,"The operation lasted too long: It took 962 milliseconds, but should not have lasted longer than 800 milliseconds.",231,158,5,15,http://localhost:8083/?token=490588717&user=2109686224&config=1,962,0,0
1711264880587,624,conf 2 req,200,OK,conf #2 2-3,text,true,,231,158,5,15,http://localhost:8083/?token=490588717&user=2109686224&config=2,624,0,0
1711264880992,366,conf 3 req,200,OK,conf #3 3-4,text,true,,231,158,5,15,http://localhost:8083/?token=490588717&user=2109686224&config=3,366,0,0
1711264880583,965,conf 1 req,200,OK,conf #1 1-3,text,false,"The operation lasted too long: It took 965 milliseconds, but should not have lasted longer than 800 milliseconds.",231,158,5,15,http://localhost:8083/?token=490588717&user=2109686224&config=1,965,0,0
1711264880987,624,conf 2 req,200,OK,conf #2 2-4,text,true,,231,158,5,15,http://localhost:8083/?token=490588717&user=2109686224&config=2,624,0,0
1711264881392,365,conf 3 req,200,OK,conf #3 3-5,text,true,,231,158,5,15,http://localhost:8083/?token=490588717&user=2109686224&config=3,365,0,0
1711264880983,964,conf 1 req,200,OK,conf #1 1-4,text,false,"The operation lasted too long: It took 964 milliseconds, but should not have lasted longer than 800 milliseconds.",231,158,5,15,http://localhost:8083/?token=490588717&user=2109686224&config=1,964,0,0
1711264881387,580,conf 2 req,200,OK,conf #2 2-5,text,true,,231,158,5,15,http://localhost:8083/?token=490588717&user=2109686224&config=2,580,0,0
1711264881384,964,conf 1 req,200,OK,conf #1 1-5,text,false,"The operation lasted too long: It took 964 milliseconds, but should not have lasted longer than 800 milliseconds.",231,158,5,15,http://localhost:8083/?token=490588717&user=2109686224&config=1,964,0,0
1711264882791,360,conf 3 req,200,OK,conf #3 3-1,text,true,,231,158,5,15,http://localhost:8083/?token=490588717&user=2109686224&config=3,360,0,0
1711264882787,558,conf 2 req,200,OK,conf #2 2-1,text,true,,231,158,5,15,http://localhost:8083/?token=490588717&user=2109686224&config=2,558,0,0
1711264883192,364,conf 3 req,200,OK,conf #3 3-2,text,true,,231,158,5,15,http://localhost:8083/?token=490588717&user=2109686224&config=3,364,0,0
1711264882783,958,conf 1 req,200,OK,conf #1 1-1,text,false,"The operation lasted too long: It took 958 milliseconds, but should not have lasted longer than 800 milliseconds.",231,158,5,15,http://localhost:8083/?token=490588717&user=2109686224&config=1,958,0,0
1711264883189,612,conf 2 req,200,OK,conf #2 2-2,text,true,,231,158,5,15,http://localhost:8083/?token=490588717&user=2109686224&config=2,612,0,0
1711264883596,371,conf 3 req,200,OK,conf #3 3-3,text,true,,231,158,5,15,http://localhost:8083/?token=490588717&user=2109686224&config=3,371,0,0
1711264883184,963,conf 1 req,200,OK,conf #1 1-2,text,false,"The operation lasted too long: It took 963 milliseconds, but should not have lasted longer than 800 milliseconds.",231,158,5,15,http://localhost:8083/?token=490588717&user=2109686224&config=1,963,0,0
1711264883586,624,conf 2 req,200,OK,conf #2 2-3,text,true,,231,158,5,15,http://localhost:8083/?token=490588717&user=2109686224&config=2,624,0,0
1711264883992,366,conf 3 req,200,OK,conf #3 3-4,text,true,,231,158,5,15,http://localhost:8083/?token=490588717&user=2109686224&config=3,366,0,0
1711264883584,964,conf 1 req,200,OK,conf #1 1-3,text,false,"The operation lasted too long: It took 964 milliseconds, but should not have lasted longer than 800 milliseconds.",231,158,5,15,http://localhost:8083/?token=490588717&user=2109686224&config=1,964,0,0
1711264883987,625,conf 2 req,200,OK,conf #2 2-4,text,true,,231,158,5,15,http://localhost:8083/?token=490588717&user=2109686224&config=2,625,0,0
1711264884392,368,conf 3 req,200,OK,conf #3 3-5,text,true,,231,158,5,15,http://localhost:8083/?token=490588717&user=2109686224&config=3,368,0,0
1711264883983,965,conf 1 req,200,OK,conf #1 1-4,text,false,"The operation lasted too long: It took 965 milliseconds, but should not have lasted longer than 800 milliseconds.",231,158,5,15,http://localhost:8083/?token=490588717&user=2109686224&config=1,965,0,0
1711264884387,581,conf 2 req,200,OK,conf #2 2-5,text,true,,231,158,5,15,http://localhost:8083/?token=490588717&user=2109686224&config=2,581,0,0
1711264884384,964,conf 1 req,200,OK,conf #1 1-5,text,false,"The operation lasted too long: It took 964 milliseconds, but should not have lasted longer than 800 milliseconds.",231,158,5,15,http://localhost:8083/?token=490588717&user=2109686224&config=1,964,0,0
1711264885791,361,conf 3 req,200,OK,conf #3 3-1,text,true,,231,158,5,15,http://localhost:8083/?token=490588717&user=2109686224&config=3,361,0,0
1711264885787,561,conf 2 req,200,OK,conf #2 2-1,text,true,,231,158,5,15,http://localhost:8083/?token=490588717&user=2109686224&config=2,561,0,0
1711264886192,367,conf 3 req,200,OK,conf #3 3-2,text,true,,231,158,5,15,http://localhost:8083/?token=490588717&user=2109686224&config=3,367,0,0
1711264885783,961,conf 1 req,200,OK,conf #1 1-1,text,false,"The operation lasted too long: It took 961 milliseconds, but should not have lasted longer than 800 milliseconds.",231,158,5,15,http://localhost:8083/?token=490588717&user=2109686224&config=1,961,0,0
1711264886189,617,conf 2 req,200,OK,conf #2 2-2,text,true,,231,158,5,15,http://localhost:8083/?token=490588717&user=2109686224&config=2,617,0,0
1711264886597,366,conf 3 req,200,OK,conf #3 3-3,text,true,,231,158,5,15,http://localhost:8083/?token=490588717&user=2109686224&config=3,366,0,0
1711264886185,963,conf 1 req,200,OK,conf #1 1-2,text,false,"The operation lasted too long: It took 963 milliseconds, but should not have lasted longer than 800 milliseconds.",231,158,5,15,http://localhost:8083/?token=490588717&user=2109686224&config=1,963,0,0
1711264886587,631,conf 2 req,200,OK,conf #2 2-3,text,true,,231,158,5,15,http://localhost:8083/?token=490588717&user=2109686224&config=2,631,0,0
1711264886992,366,conf 3 req,200,OK,conf #3 3-4,text,true,,231,158,5,15,http://localhost:8083/?token=490588717&user=2109686224&config=3,366,0,0
1711264886584,964,conf 1 req,200,OK,conf #1 1-3,text,false,"The operation lasted too long: It took 964 milliseconds, but should not have lasted longer than 800 milliseconds.",231,158,5,15,http://localhost:8083/?token=490588717&user=2109686224&config=1,964,0,0
1711264886987,628,conf 2 req,200,OK,conf #2 2-4,text,true,,231,158,5,15,http://localhost:8083/?token=490588717&user=2109686224&config=2,628,0,0
1711264887392,366,conf 3 req,200,OK,conf #3 3-5,text,true,,231,158,5,15,http://localhost:8083/?token=490588717&user=2109686224&config=3,366,0,0
1711264886983,965,conf 1 req,200,OK,conf #1 1-4,text,false,"The operation lasted too long: It took 965 milliseconds, but should not have lasted longer than 800 milliseconds.",231,158,5,15,http://localhost:8083/?token=490588717&user=2109686224&config=1,965,0,0
1711264887387,582,conf 2 req,200,OK,conf #2 2-5,text,true,,231,158,5,15,http://localhost:8083/?token=490588717&user=2109686224&config=2,582,0,0
1711264887384,964,conf 1 req,200,OK,conf #1 1-5,text,false,"The operation lasted too long: It took 964 milliseconds, but should not have lasted longer than 800 milliseconds.",231,158,5,15,http://localhost:8083/?token=490588717&user=2109686224&config=1,964,0,0
1711264888791,362,conf 3 req,200,OK,conf #3 3-1,text,true,,231,158,5,15,http://localhost:8083/?token=490588717&user=2109686224&config=3,362,0,0
1711264888787,562,conf 2 req,200,OK,conf #2 2-1,text,true,,231,158,5,15,http://localhost:8083/?token=490588717&user=2109686224&config=2,562,0,0
1711264889192,364,conf 3 req,200,OK,conf #3 3-2,text,true,,231,158,5,15,http://localhost:8083/?token=490588717&user=2109686224&config=3,364,0,0
1711264888783,960,conf 1 req,200,OK,conf #1 1-1,text,false,"The operation lasted too long: It took 960 milliseconds, but should not have lasted longer than 800 milliseconds.",231,158,5,15,http://localhost:8083/?token=490588717&user=2109686224&config=1,960,0,0
1711264889189,618,conf 2 req,200,OK,conf #2 2-2,text,true,,231,158,5,15,http://localhost:8083/?token=490588717&user=2109686224&config=2,618,0,0
1711264889597,367,conf 3 req,200,OK,conf #3 3-3,text,true,,231,158,5,15,http://localhost:8083/?token=490588717&user=2109686224&config=3,367,0,0
1711264889185,963,conf 1 req,200,OK,conf #1 1-2,text,false,"The operation lasted too long: It took 963 milliseconds, but should not have lasted longer than 800 milliseconds.",231,158,5,15,http://localhost:8083/?token=490588717&user=2109686224&config=1,963,0,0
1711264889587,623,conf 2 req,200,OK,conf #2 2-3,text,true,,231,158,5,15,http://localhost:8083/?token=490588717&user=2109686224&config=2,623,0,0
1711264889992,369,conf 3 req,200,OK,conf #3 3-4,text,true,,231,158,5,15,http://localhost:8083/?token=490588717&user=2109686224&config=3,369,0,0
1711264889584,965,conf 1 req,200,OK,conf #1 1-3,text,false,"The operation lasted too long: It took 965 milliseconds, but should not have lasted longer than 800 milliseconds.",231,158,5,15,http://localhost:8083/?token=490588717&user=2109686224&config=1,965,0,0
1711264889987,627,conf 2 req,200,OK,conf #2 2-4,text,true,,231,158,5,15,http://localhost:8083/?token=490588717&user=2109686224&config=2,627,0,0
1711264890392,367,conf 3 req,200,OK,conf #3 3-5,text,true,,231,158,5,15,http://localhost:8083/?token=490588717&user=2109686224&config=3,367,0,0
1711264889983,966,conf 1 req,200,OK,conf #1 1-4,text,false,"The operation lasted too long: It took 966 milliseconds, but should not have lasted longer than 800 milliseconds.",231,158,5,15,http://localhost:8083/?token=490588717&user=2109686224&config=1,966,0,0
1711264890386,587,conf 2 req,200,OK,conf #2 2-5,text,true,,231,158,5,15,http://localhost:8083/?token=490588717&user=2109686224&config=2,587,0,0
1711264890384,965,conf 1 req,200,OK,conf #1 1-5,text,false,"The operation lasted too long: It took 965 milliseconds, but should not have lasted longer than 800 milliseconds.",231,158,5,15,http://localhost:8083/?token=490588717&user=2109686224&config=1,965,0,0
1711264891791,365,conf 3 req,200,OK,conf #3 3-1,text,true,,231,158,5,15,http://localhost:8083/?token=490588717&user=2109686224&config=3,365,0,0
1711264891787,562,conf 2 req,200,OK,conf #2 2-1,text,true,,231,158,5,15,http://localhost:8083/?token=490588717&user=2109686224&config=2,562,0,0
1711264892192,366,conf 3 req,200,OK,conf #3 3-2,text,true,,231,158,5,15,http://localhost:8083/?token=490588717&user=2109686224&config=3,366,0,0
1711264891783,961,conf 1 req,200,OK,conf #1 1-1,text,false,"The operation lasted too long: It took 961 milliseconds, but should not have lasted longer than 800 milliseconds.",231,158,5,15,http://localhost:8083/?token=490588717&user=2109686224&config=1,961,0,0
1711264892189,622,conf 2 req,200,OK,conf #2 2-2,text,true,,231,158,5,15,http://localhost:8083/?token=490588717&user=2109686224&config=2,622,0,0
1711264892597,367,conf 3 req,200,OK,conf #3 3-3,text,true,,231,158,5,15,http://localhost:8083/?token=490588717&user=2109686224&config=3,367,0,0
1711264892185,966,conf 1 req,200,OK,conf #1 1-2,text,false,"The operation lasted too long: It took 966 milliseconds, but should not have lasted longer than 800 milliseconds.",231,158,5,15,http://localhost:8083/?token=490588717&user=2109686224&config=1,966,0,0
1711264892587,632,conf 2 req,200,OK,conf #2 2-3,text,true,,231,158,5,15,http://localhost:8083/?token=490588717&user=2109686224&config=2,632,0,0
1711264892992,368,conf 3 req,200,OK,conf #3 3-4,text,true,,231,158,5,15,http://localhost:8083/?token=490588717&user=2109686224&config=3,368,0,0
1711264892584,965,conf 1 req,200,OK,conf #1 1-3,text,false,"The operation lasted too long: It took 965 milliseconds, but should not have lasted longer than 800 milliseconds.",231,158,5,15,http://localhost:8083/?token=490588717&user=2109686224&config=1,965,0,0
1711264892987,626,conf 2 req,200,OK,conf #2 2-4,text,true,,231,158,5,15,http://localhost:8083/?token=490588717&user=2109686224&config=2,626,0,0
1711264893392,369,conf 3 req,200,OK,conf #3 3-5,text,true,,231,158,5,15,http://localhost:8083/?token=490588717&user=2109686224&config=3,369,0,0
1711264892983,969,conf 1 req,200,OK,conf #1 1-4,text,false,"The operation lasted too long: It took 969 milliseconds, but should not have lasted longer than 800 milliseconds.",231,158,5,15,http://localhost:8083/?token=490588717&user=2109686224&config=1,969,0,0
1711264893387,590,conf 2 req,200,OK,conf #2 2-5,text,true,,231,158,5,15,http://localhost:8083/?token=490588717&user=2109686224&config=2,590,0,0
1711264893383,970,conf 1 req,200,OK,conf #1 1-5,text,false,"The operation lasted too long: It took 970 milliseconds, but should not have lasted longer than 800 milliseconds.",231,158,5,15,http://localhost:8083/?token=490588717&user=2109686224&config=1,970,0,0
1711264894791,360,conf 3 req,200,OK,conf #3 3-1,text,true,,231,158,5,15,http://localhost:8083/?token=490588717&user=2109686224&config=3,360,0,0
1711264894787,560,conf 2 req,200,OK,conf #2 2-1,text,true,,231,158,5,15,http://localhost:8083/?token=490588717&user=2109686224&config=2,560,0,0
1711264895191,363,conf 3 req,200,OK,conf #3 3-2,text,true,,231,158,5,15,http://localhost:8083/?token=490588717&user=2109686224&config=3,363,0,0
1711264894782,960,conf 1 req,200,OK,conf #1 1-1,text,false,"The operation lasted too long: It took 960 milliseconds, but should not have lasted longer than 800 milliseconds.",231,158,5,15,http://localhost:8083/?token=490588717&user=2109686224&config=1,960,0,0
1711264895189,621,conf 2 req,200,OK,conf #2 2-2,text,true,,231,158,5,15,http://localhost:8083/?token=490588717&user=2109686224&config=2,621,0,0
1711264895597,375,conf 3 req,200,OK,conf #3 3-3,text,true,,231,158,5,15,http://localhost:8083/?token=490588717&user=2109686224&config=3,375,0,0
1711264895185,961,conf 1 req,200,OK,conf #1 1-2,text,false,"The operation lasted too long: It took 961 milliseconds, but should not have lasted longer than 800 milliseconds.",231,158,5,15,http://localhost:8083/?token=490588717&user=2109686224&config=1,961,0,0
1711264895587,628,conf 2 req,200,OK,conf #2 2-3,text,true,,231,158,5,15,http://localhost:8083/?token=490588717&user=2109686224&config=2,628,0,0
1711264895992,366,conf 3 req,200,OK,conf #3 3-4,text,true,,231,158,5,15,http://localhost:8083/?token=490588717&user=2109686224&config=3,366,0,0
1711264895987,565,conf 2 req,200,OK,conf #2 2-4,text,true,,231,158,5,15,http://localhost:8083/?token=490588717&user=2109686224&config=2,565,0,0
1711264895584,1032,conf 1 req,200,OK,conf #1 1-3,text,false,"The operation lasted too long: It took 1,032 milliseconds, but should not have lasted longer than 800 milliseconds.",231,158,5,15,http://localhost:8083/?token=490588717&user=2109686224&config=1,1032,0,0
1711264896392,367,conf 3 req,200,OK,conf #3 3-5,text,true,,231,158,5,15,http://localhost:8083/?token=490588717&user=2109686224&config=3,367,0,0
1711264895983,965,conf 1 req,200,OK,conf #1 1-4,text,false,"The operation lasted too long: It took 965 milliseconds, but should not have lasted longer than 800 milliseconds.",231,158,5,15,http://localhost:8083/?token=490588717&user=2109686224&config=1,965,0,0
1711264896387,585,conf 2 req,200,OK,conf #2 2-5,text,true,,231,158,5,15,http://localhost:8083/?token=490588717&user=2109686224&config=2,585,0,0
1711264896383,966,conf 1 req,200,OK,conf #1 1-5,text,false,"The operation lasted too long: It took 966 milliseconds, but should not have lasted longer than 800 milliseconds.",231,158,5,15,http://localhost:8083/?token=490588717&user=2109686224&config=1,966,0,0
1711264897790,361,conf 3 req,200,OK,conf #3 3-1,text,true,,231,158,5,15,http://localhost:8083/?token=490588717&user=2109686224&config=3,361,0,0
1711264897787,560,conf 2 req,200,OK,conf #2 2-1,text,true,,231,158,5,15,http://localhost:8083/?token=490588717&user=2109686224&config=2,560,0,0
1711264898192,364,conf 3 req,200,OK,conf #3 3-2,text,true,,231,158,5,14,http://localhost:8083/?token=490588717&user=2109686224&config=3,364,0,0
1711264897783,958,conf 1 req,200,OK,conf #1 1-1,text,false,"The operation lasted too long: It took 958 milliseconds, but should not have lasted longer than 800 milliseconds.",231,158,5,13,http://localhost:8083/?token=490588717&user=2109686224&config=1,958,0,0
1711264898189,579,conf 2 req,200,OK,conf #2 2-2,text,true,,231,158,4,12,http://localhost:8083/?token=490588717&user=2109686224&config=2,579,0,0
1711264898597,367,conf 3 req,200,OK,conf #3 3-3,text,true,,231,158,4,11,http://localhost:8083/?token=490588717&user=2109686224&config=3,367,0,0
1711264898185,961,conf 1 req,200,OK,conf #1 1-2,text,false,"The operation lasted too long: It took 961 milliseconds, but should not have lasted longer than 800 milliseconds.",231,158,4,10,http://localhost:8083/?token=490588717&user=2109686224&config=1,961,0,0
1711264898587,583,conf 2 req,200,OK,conf #2 2-3,text,true,,231,158,3,9,http://localhost:8083/?token=490588717&user=2109686224&config=2,583,0,0
1711264898992,367,conf 3 req,200,OK,conf #3 3-4,text,true,,231,158,3,8,http://localhost:8083/?token=490588717&user=2109686224&config=3,367,0,0
1711264898583,967,conf 1 req,200,OK,conf #1 1-3,text,false,"The operation lasted too long: It took 967 milliseconds, but should not have lasted longer than 800 milliseconds.",231,158,3,7,http://localhost:8083/?token=490588717&user=2109686224&config=1,967,0,0
1711264898987,592,conf 2 req,200,OK,conf #2 2-4,text,true,,231,158,2,6,http://localhost:8083/?token=490588717&user=2109686224&config=2,592,0,0
1711264899392,371,conf 3 req,200,OK,conf #3 3-5,text,true,,231,158,2,5,http://localhost:8083/?token=490588717&user=2109686224&config=3,371,0,0
1711264898983,966,conf 1 req,200,OK,conf #1 1-4,text,false,"The operation lasted too long: It took 966 milliseconds, but should not have lasted longer than 800 milliseconds.",231,158,2,4,http://localhost:8083/?token=490588717&user=2109686224&config=1,966,0,0
1711264899387,583,conf 2 req,200,OK,conf #2 2-5,text,true,,231,158,1,3,http://localhost:8083/?token=490588717&user=2109686224&config=2,583,0,0
1711264899384,968,conf 1 req,200,OK,conf #1 1-5,text,false,"The operation lasted too long: It took 968 milliseconds, but should not have lasted longer than 800 milliseconds.",231,158,1,2,http://localhost:8083/?token=490588717&user=2109686224&config=1,968,0,0
1711264900791,358,conf 3 req,200,OK,conf #3 3-1,text,true,,231,158,1,1,http://localhost:8083/?token=490588717&user=2109686224&config=3,358,0,0
